"Series Key",EBA.MIDW-ALL.D.M
"Series Name","EBA.MIDW-ALL.D.M, monthly"
Units,megawatthours
Frequency,M
"Start Date",202509
"End Date",202502
Source,"EIA, U.S. Energy Information Administration"

202509,69134
202509,65666
202509,74776
202509,76754
202509,97417
202509,83272
202509,74837
202509,75333
202509,93026
202509,93768
202509,73157
202509,63145
202509,65454
202509,76163
202509,83588
202509,61915
202509,88317
202509,69360
202509,95904
202509,62064
202509,78302
202509,98784
202509,77101
202509,68220
202509,92779
202509,82432
202509,82064
202509,80302
202509,90497
202509,71376
202509,78161
202509,65315
202509,91754
202509,79315
202509,63258
202509,87608
202509,97906
202509,83613
202509,84958
202509,75342
202509,65873
202509,65714
202509,68378
202509,82395
202509,98741
202509,62721
202509,76379
202509,91239
202509,67953
202509,62325
202509,73597
202509,76755
202509,63141
202509,70650
202509,74654
202509,73233
202509,66686
202509,80597
202509,74668
202509,64153
202509,79277
202509,70532
202509,63997
202509,70443
202509,99214
202509,90062
202509,66273
202509,65987
202509,86741
202509,100531
202509,71556
202509,64014
202509,99396
202509,77072
202509,97066
202509,62974
202509,89757
202509,77426
202509,69581
202509,76046
202509,65265
202509,89595
202509,67873
202509,87966
202509,71661
202509,84292
202509,81140
202509,66821
202509,83215
202509,89807
202509,101691
202509,92391
202509,72268
202509,80878
202509,65312
202509,75210
202509,62097
202509,79456
202509,62071
202509,80547
202509,67664
202509,79463
202509,78107
202509,87507
202509,64136
202509,94274
202509,100563
202509,89033
202509,82723
202509,85525
202509,68881
202509,67594
202509,69323
202509,91634
202509,83681
202509,74991
202509,81088
202509,87063
202509,70585
202509,84775
202509,79467
202509,82344
202509,76644
202509,85536
202509,88821
202509,65166
202509,92950
202509,78649
202509,78876
202509,85906
202509,82698
202509,64631
202509,78947
202509,78788
202509,76689
202509,68547
202509,73180
202509,98771
202509,90670
202509,67278
202509,100634
202509,75269
202509,71089
202509,84844
202509,86139
202509,88022
202509,74405
202509,88430
202509,69797
202509,76137
202509,83018
202509,66226
202509,74893
202509,86269
202509,79746
202509,76366
202509,72480
202509,71731
202509,102624
202509,90944
202509,79085
202509,87992
202509,68878
202509,79497
202509,70332
202509,67338
202509,74068
202509,77554
202509,88687
202509,95839
202509,89490
202509,76730
202509,97416
202509,77842
202509,71343
202509,74196
202509,69852
202509,83227
202509,92676
202509,74666
202509,79251
202509,80574
202509,90538
202509,66896
202509,70487
202509,90053
202509,86498
202509,76922
202509,80130
202509,86863
202509,73752
202509,83026
202509,77426
202509,88335
202509,81019
202509,69298
202509,86557
202509,78375
202509,69130
202509,92959
202509,79882
202509,96717
202509,72005
202509,85988
202509,74198
202509,97686
202509,83674
202509,87842
202509,78168
202509,69087
202509,103692
202509,80296
202509,70660
202509,70702
202509,91214
202509,67584
202509,71104
202509,83400
202509,67691
202509,103627
202509,92915
202509,64494
202509,73221
202509,73351
202509,81932
202509,75493
202509,66265
202509,68133
202509,68028
202509,95350
202509,77838
202509,63758
202509,74405
202509,85882
202509,92063
202509,95065
202509,90851
202509,86024
202509,68928
202509,62908
202509,71377
202509,93152
202509,67588
202509,95573
202509,74422
202509,71584
202509,68794
202509,69994
202509,68154
202509,72911
202509,92413
202509,78544
202509,67777
202509,75472
202509,86784
202509,71508
202509,64494
202509,97821
202509,80013
202509,67850
202509,81373
202509,95249
202509,83291
202509,89960
202509,88329
202509,87957
202509,78156
202509,77381
202509,73069
202509,77314
202509,78857
202509,94764
202509,96095
202509,65713
202509,87444
202509,70042
202509,72435
202508,118579
202508,124127
202508,119661
202508,108163
202508,75937
202508,81885
202508,122477
202508,72105
202508,74970
202508,125376
202508,75345
202508,114097
202508,84932
202508,86247
202508,116876
202508,97658
202508,77592
202508,95756
202508,121384
202508,87886
202508,91394
202508,123192
202508,108986
202508,110154
202508,93320
202508,76266
202508,81570
202508,94373
202508,117163
202508,104060
202508,74746
202508,74794
202508,84664
202508,85663
202508,73835
202508,102773
202508,91080
202508,93752
202508,79859
202508,114127
202508,67582
202508,80269
202508,77405
202508,93852
202508,118022
202508,76833
202508,67550
202508,97971
202508,100490
202508,96593
202508,94857
202508,82882
202508,82675
202508,118468
202508,100252
202508,98958
202508,88655
202508,115747
202508,111785
202508,104472
202508,115960
202508,117306
202508,76592
202508,91775
202508,89949
202508,92819
202508,114403
202508,73932
202508,84159
202508,87570
202508,86791
202508,74491
202508,115944
202508,81166
202508,110616
202508,99888
202508,94677
202508,65507
202508,94030
202508,94010
202508,78559
202508,115697
202508,105814
202508,104179
202508,118756
202508,98430
202508,113078
202508,81880
202508,98081
202508,81973
202508,88067
202508,79930
202508,108170
202508,119241
202508,109968
202508,88155
202508,81263
202508,101737
202508,83175
202508,118909
202508,99598
202508,101739
202508,79010
202508,90121
202508,96773
202508,89984
202508,65993
202508,92157
202508,94536
202508,79498
202508,80583
202508,88645
202508,74113
202508,104557
202508,87196
202508,120005
202508,117360
202508,119509
202508,64535
202508,86594
202508,117779
202508,88722
202508,103315
202508,88288
202508,67278
202508,75047
202508,79148
202508,91339
202508,115055
202508,110625
202508,113238
202508,112534
202508,96992
202508,67309
202508,123294
202508,91625
202508,88070
202508,105806
202508,117321
202508,92129
202508,88362
202508,92445
202508,69035
202508,67272
202508,108803
202508,86952
202508,80759
202508,79282
202508,79341
202508,84245
202508,97954
202508,73067
202508,88731
202508,88214
202508,79893
202508,104699
202508,98440
202508,106368
202508,82949
202508,74035
202508,79146
202508,79058
202508,81255
202508,69340
202508,76526
202508,71579
202508,74071
202508,80511
202508,75901
202508,119848
202508,107876
202508,82536
202508,76015
202508,114599
202508,114800
202508,71383
202508,81768
202508,82968
202508,84381
202508,116767
202508,87416
202508,110759
202508,68867
202508,88134
202508,80025
202508,78604
202508,108841
202508,95876
202508,92876
202508,106041
202508,82646
202508,72853
202508,86022
202508,69740
202508,122600
202508,88422
202508,113924
202508,93149
202508,119857
202508,95487
202508,80021
202508,109678
202508,112451
202508,110673
202508,117660
202508,72303
202508,68692
202508,69422
202508,83993
202508,86477
202508,78534
202508,80862
202508,97066
202508,116590
202508,86167
202508,75872
202508,86548
202508,102362
202508,87474
202508,107258
202508,87907
202508,78003
202508,92866
202508,85016
202508,104806
202508,96564
202508,82329
202508,105285
202508,66512
202508,105796
202508,78468
202508,79120
202508,83707
202508,78321
202508,109235
202508,92250
202508,118103
202508,80458
202508,86741
202508,66796
202508,84618
202508,75093
202508,93313
202508,86219
202508,82482
202508,91954
202508,79924
202508,88238
202508,100684
202508,72765
202508,96391
202508,122706
202508,119126
202508,77760
202508,89795
202508,71637
202508,76973
202508,91282
202508,105021
202508,81490
202508,112762
202508,67003
202508,91929
202508,107626
202508,68209
202508,79589
202508,111509
202508,88109
202508,123203
202508,85969
202508,79277
202508,84512
202508,70396
202508,79524
202508,74435
202508,75767
202508,87422
202508,90817
202508,66709
202508,70066
202508,80986
202508,71558
202508,84691
202508,78359
202508,95671
202508,78532
202508,92691
202508,119541
202508,80206
202508,81759
202508,93545
202508,116250
202508,94951
202508,113918
202508,98559
202508,68592
202508,107203
202508,76686
202508,84001
202508,83751
202508,90444
202508,71171
202508,99718
202508,83668
202508,78493
202508,95007
202508,83069
202508,83497
202508,93870
202508,83257
202508,91097
202508,107662
202508,68093
202508,123096
202508,64129
202508,75911
202508,92869
202508,86352
202508,110690
202508,112983
202508,92685
202508,74390
202508,107301
202508,104802
202508,71546
202508,81036
202508,108270
202508,118962
202508,86194
202508,90486
202508,90471
202508,74236
202508,69103
202508,90406
202508,82825
202508,87328
202508,77577
202508,78379
202508,82827
202508,73634
202508,92577
202508,70985
202508,104966
202508,81826
202508,99429
202508,115600
202508,97290
202508,90549
202508,84723
202508,96427
202508,85781
202508,123602
202508,104474
202508,78439
202508,111491
202508,74711
202508,91687
202508,84997
202508,100876
202508,77534
202508,92482
202508,104854
202508,117700
202508,84585
202508,80269
202508,82302
202508,65842
202508,83897
202508,67283
202508,116872
202508,72565
202508,92093
202508,101582
202508,80399
202508,84232
202508,95283
202508,69223
202508,102342
202508,88971
202508,80870
202508,96003
202508,87901
202508,112904
202508,84079
202508,80194
202508,85060
202508,103590
202508,98289
202508,74574
202508,77746
202508,97877
202508,102840
202508,74603
202508,86444
202508,117562
202508,67847
202508,93497
202508,78341
202508,71124
202508,91863
202508,108643
202508,121758
202508,75746
202508,104788
202508,103471
202508,68968
202508,113689
202508,89547
202508,117249
202508,80428
202508,103030
202508,82584
202508,71419
202508,86209
202508,73680
202508,102071
202508,94211
202508,79142
202508,79726
202508,107190
202508,68859
202508,80535
202508,89432
202508,107067
202508,73090
202508,99713
202508,93905
202508,84840
202508,78798
202508,91131
202508,106663
202508,88612
202508,117950
202508,118835
202508,81294
202508,112720
202508,83199
202508,78726
202508,112613
202508,100564
202508,105029
202508,66858
202508,87850
202508,121861
202508,108405
202508,119622
202508,99021
202508,71574
202508,70467
202508,82749
202508,92410
202508,109896
202508,92933
202508,66747
202508,81272
202508,95544
202508,90375
202508,86408
202508,106437
202508,81834
202508,88942
202508,68747
202508,95685
202508,86136
202508,86373
202508,114784
202508,80242
202508,108444
202508,77618
202508,107309
202508,120559
202508,68092
202508,82502
202508,103503
202508,79338
202508,104014
202508,81294
202508,79160
202508,115141
202508,97713
202508,106697
202508,80151
202508,78986
202508,87437
202508,70379
202508,65667
202508,120874
202508,80172
202508,103460
202508,88886
202508,75249
202508,108337
202508,89124
202508,103103
202508,89379
202508,91741
202508,108145
202508,76767
202508,79712
202508,79120
202508,79201
202508,101353
202508,66256
202508,93111
202508,68962
202508,118769
202508,84842
202508,81055
202508,66220
202508,109307
202508,109804
202508,70521
202508,76571
202508,120512
202508,90534
202508,67700
202508,79596
202508,69858
202508,115797
202508,68960
202508,87910
202508,100152
202508,94556
202508,110761
202508,97523
202508,108078
202508,71092
202508,110314
202508,118216
202508,93838
202508,103440
202508,96273
202508,79052
202508,108376
202508,85670
202508,76952
202508,89877
202508,81274
202508,111017
202508,89097
202508,98859
202508,110923
202508,123622
202508,98861
202508,71367
202508,100259
202508,117139
202508,125734
202508,118103
202508,77092
202508,85829
202508,91191
202508,83857
202508,117668
202508,113344
202508,116322
202508,121124
202508,82472
202508,95548
202508,112800
202508,96154
202508,65488
202508,68659
202508,90041
202508,68283
202508,98302
202508,82841
202508,76816
202508,73725
202508,110298
202508,89983
202508,90830
202508,90082
202508,114572
202508,99688
202508,104298
202508,123088
202508,82341
202508,88748
202508,94395
202508,90298
202508,96458
202508,68601
202508,77554
202508,99167
202508,84653
202508,99864
202508,64392
202508,89122
202508,89851
202508,85890
202508,97619
202508,100173
202508,87246
202508,91364
202508,70170
202508,111118
202508,82474
202508,84398
202508,113658
202508,76314
202508,85230
202508,74028
202508,79639
202508,112246
202508,79984
202508,102350
202508,116683
202508,96644
202508,101716
202508,82107
202508,90466
202508,105540
202508,94132
202508,109082
202508,83142
202508,81144
202508,81248
202508,114942
202508,71178
202508,111214
202508,103757
202508,66907
202508,113705
202508,103868
202508,83730
202508,100737
202508,90447
202508,82530
202508,82363
202508,84183
202508,82257
202508,66515
202508,73330
202508,89557
202508,90456
202508,113637
202508,63986
202508,88538
202508,91481
202508,87338
202508,90494
202508,71223
202508,76894
202508,113459
202508,117525
202508,74591
202508,85064
202508,95226
202508,84333
202508,93365
202508,92448
202508,114924
202508,118580
202508,93288
202508,101418
202508,86496
202508,83310
202508,112983
202508,76700
202508,93341
202508,71693
202508,76805
202508,69648
202508,78771
202508,107013
202508,87252
202508,90198
202508,86829
202508,85201
202508,82019
202508,77163
202508,100419
202508,76861
202508,92158
202508,89665
202508,92339
202508,95067
202508,102607
202508,82537
202508,87763
202508,97501
202508,88171
202508,79369
202508,93281
202508,95506
202508,105619
202508,98591
202508,109415
202508,75406
202508,83858
202508,95112
202508,120335
202508,74369
202508,120146
202508,89445
202508,85660
202508,98144
202508,112979
202508,94957
202508,120773
202508,101257
202508,77349
202508,117777
202508,105539
202508,87210
202508,73309
202508,119434
202508,72941
202508,70854
202508,85124
202508,80194
202508,92743
202508,82705
202508,83756
202508,89988
202508,112537
202508,91269
202508,89464
202508,96282
202508,80487
202508,99289
202508,83640
202508,76573
202508,114864
202508,74180
202508,109998
202508,84054
202508,109846
202508,91699
202508,100252
202508,97884
202508,126018
202508,86123
202508,120846
202508,119176
202508,71092
202508,67903
202508,90493
202508,86445
202508,79322
202508,80445
202508,93827
202508,90362
202507,117078
202507,94394
202507,100470
202507,110318
202507,89042
202507,108025
202507,116796
202507,97311
202507,119859
202507,101203
202507,113923
202507,110808
202507,121828
202507,104440
202507,75205
202507,90769
202507,82246
202507,127661
202507,88304
202507,113276
202507,119659
202507,123094
202507,102439
202507,75880
202507,81840
202507,108253
202507,98277
202507,109089
202507,129882
202507,86165
202507,107607
202507,79057
202507,102521
202507,116228
202507,99731
202507,80718
202507,108269
202507,124137
202507,84102
202507,95251
202507,108067
202507,115988
202507,86489
202507,102666
202507,112701
202507,111200
202507,104222
202507,99855
202507,104613
202507,103475
202507,110720
202507,81200
202507,95487
202507,104699
202507,92587
202507,80041
202507,104826
202507,104789
202507,119019
202507,114812
202507,116235
202507,95802
202507,102009
202507,85594
202507,115042
202507,122597
202507,73868
202507,101811
202507,103582
202507,74610
202507,116532
202507,97851
202507,101371
202507,110569
202507,87179
202507,87474
202507,89842
202507,85918
202507,94785
202507,82264
202507,96729
202507,125954
202507,104881
202507,97297
202507,106364
202507,114175
202507,87041
202507,78995
202507,77151
202507,110275
202507,90801
202507,118929
202507,86325
202507,78079
202507,91841
202507,114795
202507,87649
202507,100017
202507,117917
202507,87599
202507,123158
202507,97297
202507,116323
202507,103459
202507,84814
202507,93044
202507,77346
202507,105723
202507,97398
202507,112183
202507,78524
202507,112801
202507,86001
202507,110994
202507,93344
202507,79251
202507,83431
202507,75648
202507,111378
202507,80090
202507,107271
202507,79266
202507,86726
202507,89400
202507,90934
202507,101293
202507,76213
202507,89296
202507,103826
202507,83038
202507,107234
202507,110886
202507,87768
202507,104813
202507,80432
202507,90579
202507,109687
202507,86438
202507,94518
202507,104975
202507,86948
202507,96619
202507,124951
202507,108332
202507,108784
202507,83430
202507,93614
202507,101766
202507,98027
202507,111962
202507,112013
202507,118568
202507,77618
202507,95391
202507,77700
202507,86528
202507,85802
202507,81652
202507,78039
202507,106655
202507,102450
202507,102578
202507,72402
202507,120132
202507,77753
202507,83981
202507,77608
202507,79656
202507,125992
202507,80220
202507,76638
202507,91586
202507,86920
202507,117758
202507,86646
202507,81355
202507,92074
202507,74753
202507,126841
202507,110912
202507,117620
202507,105154
202507,105575
202507,128656
202507,113592
202507,108131
202507,116087
202507,116528
202507,89782
202507,81337
202507,95253
202507,96489
202507,90824
202507,72724
202507,105021
202507,83811
202507,85601
202507,113209
202507,87298
202507,86218
202507,113612
202507,103417
202507,109288
202507,81693
202507,88028
202507,97087
202507,98243
202507,113461
202507,74749
202507,123521
202507,102854
202507,84884
202507,95057
202507,129844
202507,75109
202507,129248
202507,87360
202507,79848
202507,125511
202507,99173
202507,91909
202507,74514
202507,99824
202507,116952
202507,114741
202507,93645
202507,78689
202507,78548
202507,120970
202507,126391
202507,128721
202507,102860
202507,92614
202507,81677
202507,114901
202507,79620
202507,105336
202507,75339
202507,125128
202507,113449
202507,77574
202507,82510
202507,77237
202507,77148
202507,130205
202507,100002
202507,89909
202507,113044
202507,104696
202507,75630
202507,105082
202507,94741
202507,88064
202507,92200
202507,79961
202507,117527
202507,105669
202507,110594
202507,117075
202507,113476
202507,116508
202507,87200
202507,106623
202507,79005
202507,106463
202507,123119
202507,77536
202507,123019
202507,99057
202507,79283
202507,124291
202507,87384
202507,101725
202507,87233
202507,93870
202507,126622
202507,111767
202507,76521
202507,81822
202507,127769
202507,98549
202507,80864
202507,83209
202507,75537
202507,79500
202507,83339
202507,114729
202507,119019
202507,77733
202507,83001
202507,91398
202507,129574
202507,86372
202507,121152
202507,112325
202507,114428
202507,93964
202507,93391
202507,74950
202507,119335
202507,90317
202507,107708
202507,78348
202507,104036
202507,107851
202507,117816
202507,104387
202507,93708
202507,76243
202507,96588
202507,104349
202507,107127
202507,110282
202507,121614
202507,98001
202507,76035
202507,103971
202507,81476
202507,87743
202507,107867
202507,114661
202507,75708
202507,79370
202507,81367
202507,78122
202507,127133
202507,119589
202507,109485
202507,128883
202507,95580
202507,120958
202507,92731
202507,100090
202507,89484
202507,96095
202507,75680
202507,74719
202507,123312
202507,88881
202507,108218
202507,89342
202507,80535
202507,114292
202507,87435
202507,83888
202507,89890
202507,103656
202507,116123
202507,86675
202507,112794
202507,117341
202507,112004
202507,81376
202507,93000
202507,113794
202507,115463
202507,97655
202507,102514
202507,80052
202507,84461
202507,115605
202507,91116
202507,108812
202507,115335
202507,86844
202507,116931
202507,96049
202507,120688
202507,112126
202507,95844
202507,112104
202507,79640
202507,75906
202507,101585
202507,79708
202507,84664
202507,119122
202507,103367
202507,105260
202507,94435
202507,107008
202507,82453
202507,103249
202507,102552
202507,114762
202507,119527
202507,108968
202507,100443
202507,117687
202507,90479
202507,82557
202507,76605
202507,110229
202507,129210
202507,101332
202507,85571
202507,92233
202507,90432
202507,85655
202507,99313
202507,112222
202507,116374
202507,111353
202507,84543
202507,105341
202507,77196
202507,119675
202507,76009
202507,98568
202507,103248
202507,104947
202507,96497
202507,94947
202507,104508
202507,106256
202507,89869
202507,104050
202507,85012
202507,100688
202507,100211
202507,103606
202507,97901
202507,91143
202507,106619
202507,112196
202507,95439
202507,87132
202507,93485
202507,108453
202507,84167
202507,111765
202507,103005
202507,105957
202507,101141
202507,75790
202507,107455
202507,101556
202507,78827
202507,89002
202507,121851
202507,112059
202507,123911
202507,86134
202507,79640
202507,86757
202507,116680
202507,85957
202507,86658
202507,91291
202507,81833
202507,116599
202507,109000
202507,111785
202507,112449
202507,113776
202507,116492
202507,119622
202507,90796
202507,103456
202507,101726
202507,122100
202507,93795
202507,113123
202507,75392
202507,104288
202507,90056
202507,113915
202507,105868
202507,111939
202507,72241
202507,113596
202507,110301
202507,95375
202507,82191
202507,115308
202507,89316
202507,108908
202507,111448
202507,75474
202507,111177
202507,79166
202507,84986
202507,79957
202507,119573
202507,112281
202507,108202
202507,115442
202507,92687
202507,108966
202507,84324
202507,112773
202507,122847
202507,100336
202507,116374
202507,103643
202507,82294
202507,86168
202507,113281
202507,114656
202507,89189
202507,105132
202507,128936
202507,117611
202507,118614
202507,98823
202507,76469
202507,77839
202507,99399
202507,77187
202507,111226
202507,77719
202507,95747
202507,103505
202507,126269
202507,107415
202507,107242
202507,92331
202507,100525
202507,95936
202507,108330
202507,86217
202507,80960
202507,84727
202507,107783
202507,99244
202507,101019
202507,102845
202507,98306
202507,89368
202507,107140
202507,97266
202507,117786
202507,90832
202507,80831
202507,106174
202507,92248
202507,76064
202507,83170
202507,110809
202507,90009
202507,104726
202507,84708
202507,92441
202507,110017
202507,107964
202507,124379
202507,108305
202507,113088
202507,83958
202507,111495
202507,116868
202507,108079
202507,99610
202507,79965
202507,129467
202507,105977
202507,86226
202507,102696
202507,98417
202507,80534
202507,80904
202507,102972
202507,118522
202507,104136
202507,87375
202507,111432
202507,99267
202507,81758
202507,116011
202507,99100
202507,96192
202507,100105
202507,95084
202507,105170
202507,93675
202507,102366
202507,97036
202507,79175
202507,108195
202507,119213
202507,81524
202507,82157
202507,108115
202507,88278
202507,91907
202507,85386
202507,109356
202507,102239
202507,90411
202507,106353
202507,90796
202507,107550
202507,118821
202507,81314
202507,97607
202507,113797
202507,116060
202507,120177
202507,75606
202507,108147
202507,78484
202507,96404
202507,98929
202507,115684
202507,88282
202507,119151
202507,103244
202507,115350
202507,77519
202507,88993
202507,125277
202507,80518
202507,82891
202507,85422
202507,99215
202507,98228
202507,112165
202507,105191
202507,84134
202507,112833
202507,81859
202507,87413
202507,117201
202507,80097
202507,81023
202507,87864
202507,107967
202507,79944
202507,75424
202507,86606
202507,107292
202507,102639
202507,95118
202507,78160
202507,88485
202507,127608
202507,120244
202507,77780
202507,97624
202507,83290
202507,96266
202507,90908
202507,93407
202507,77589
202507,91822
202507,89530
202507,81173
202507,108050
202507,78704
202507,119640
202507,84993
202507,97699
202507,77630
202507,79732
202507,106970
202507,79063
202507,98693
202507,114571
202507,86569
202507,99238
202507,83710
202507,75310
202507,113864
202507,83413
202507,81315
202507,113878
202507,118374
202507,114875
202507,80264
202507,91000
202507,96092
202507,121459
202507,84177
202507,104616
202507,98387
202507,89133
202507,122048
202507,100421
202507,94338
202507,120875
202507,111741
202507,82592
202507,81973
202507,76635
202507,99800
202507,103636
202507,106851
202507,107139
202507,104707
202507,128121
202507,83854
202507,114821
202507,77768
202507,77024
202507,91925
202507,94370
202507,88573
202507,118327
202507,100263
202507,90688
202507,111333
202507,119441
202507,80908
202507,86601
202507,88172
202507,120397
202507,94761
202507,112084
202507,100299
202507,83118
202507,122707
202507,75303
202507,102931
202507,83981
202507,113424
202507,78684
202507,100742
202507,113012
202507,94239
202507,100523
202507,78016
202507,116754
202507,121009
202507,106445
202507,83994
202507,124909
202507,114081
202507,90745
202507,119147
202507,94843
202507,118219
202507,78728
202507,79117
202507,82671
202507,90168
202507,85532
202507,91584
202507,90376
202507,127994
202507,105385
202507,107537
202507,92263
202507,116586
202507,100147
202506,68098
202506,87572
202506,91631
202506,78835
202506,114076
202506,117822
202506,89530
202506,78784
202506,65033
202506,110482
202506,85104
202506,122165
202506,111137
202506,102152
202506,70505
202506,92561
202506,74009
202506,99349
202506,104675
202506,85940
202506,91786
202506,108673
202506,99500
202506,73578
202506,82290
202506,77985
202506,112354
202506,79645
202506,71976
202506,91403
202506,87356
202506,83758
202506,91541
202506,83476
202506,116756
202506,88339
202506,75689
202506,100399
202506,100470
202506,62680
202506,110939
202506,119423
202506,79320
202506,105783
202506,99710
202506,121050
202506,83096
202506,111300
202506,86363
202506,110414
202506,66359
202506,99560
202506,76185
202506,95210
202506,69379
202506,61239
202506,69976
202506,106957
202506,84971
202506,92993
202506,84955
202506,88018
202506,81381
202506,86054
202506,85257
202506,103888
202506,83297
202506,86580
202506,94697
202506,88503
202506,82885
202506,98293
202506,91600
202506,109266
202506,113265
202506,109465
202506,81227
202506,110246
202506,84077
202506,66761
202506,74597
202506,73534
202506,87403
202506,83596
202506,88326
202506,102839
202506,80530
202506,76760
202506,79543
202506,104597
202506,91725
202506,100206
202506,101571
202506,104011
202506,64482
202506,88157
202506,97723
202506,115307
202506,109399
202506,101083
202506,69879
202506,85976
202506,64793
202506,103622
202506,91001
202506,72568
202506,107191
202506,89313
202506,78905
202506,89755
202506,66502
202506,68909
202506,81422
202506,82501
202506,89355
202506,122958
202506,68853
202506,87226
202506,80451
202506,102124
202506,100192
202506,95058
202506,90425
202506,87086
202506,70513
202506,83680
202506,76275
202506,78861
202506,79151
202506,90707
202506,59477
202506,73845
202506,81092
202506,94893
202506,99111
202506,112364
202506,70988
202506,98705
202506,111795
202506,93533
202506,91939
202506,72777
202506,66775
202506,93977
202506,91459
202506,92890
202506,75071
202506,113700
202506,82790
202506,97129
202506,114083
202506,113046
202506,80574
202506,83942
202506,75170
202506,72603
202506,63004
202506,93348
202506,72138
202506,80712
202506,104626
202506,93809
202506,105110
202506,90425
202506,83045
202506,72246
202506,119749
202506,92206
202506,93274
202506,94919
202506,73408
202506,89328
202506,78481
202506,89133
202506,80060
202506,75842
202506,127076
202506,107715
202506,127470
202506,69490
202506,99637
202506,66667
202506,66995
202506,64478
202506,72891
202506,83056
202506,69616
202506,84324
202506,94000
202506,89145
202506,82835
202506,76186
202506,91903
202506,82704
202506,82119
202506,76636
202506,91844
202506,92687
202506,103985
202506,96455
202506,69651
202506,93038
202506,124504
202506,97246
202506,114713
202506,125010
202506,113967
202506,94139
202506,76879
202506,84567
202506,119466
202506,89997
202506,87721
202506,88694
202506,98884
202506,98273
202506,94055
202506,101249
202506,112631
202506,112967
202506,108650
202506,84618
202506,78135
202506,88377
202506,88446
202506,118163
202506,79311
202506,126613
202506,94262
202506,88633
202506,96978
202506,98437
202506,67039
202506,125646
202506,86675
202506,73346
202506,98035
202506,111058
202506,82068
202506,118585
202506,102074
202506,68461
202506,93627
202506,114893
202506,118621
202506,92501
202506,88377
202506,75264
202506,85355
202506,107074
202506,78987
202506,87648
202506,86108
202506,73376
202506,79945
202506,105264
202506,70465
202506,86238
202506,78867
202506,85664
202506,91485
202506,72554
202506,85720
202506,98017
202506,118757
202506,97473
202506,97340
202506,70234
202506,70490
202506,68545
202506,96982
202506,74345
202506,82875
202506,96853
202506,63325
202506,88292
202506,91351
202506,81885
202506,106360
202506,107469
202506,67523
202506,85515
202506,107578
202506,100464
202506,104741
202506,82062
202506,91582
202506,77525
202506,111603
202506,74399
202506,70514
202506,76690
202506,83263
202506,69170
202506,100031
202506,91176
202506,107673
202506,107879
202506,89148
202506,102123
202506,86648
202506,74084
202506,78866
202506,104353
202506,109633
202506,67214
202506,71186
202506,69440
202506,96587
202506,91020
202506,92867
202506,70072
202506,96932
202506,124085
202506,74462
202506,66831
202506,119217
202506,71768
202506,109844
202506,111660
202506,94944
202506,78987
202506,91729
202506,83374
202506,81085
202506,117110
202506,77505
202506,66645
202506,77566
202506,115892
202506,117919
202506,99877
202506,98272
202506,79995
202506,105526
202506,74342
202506,83978
202506,60089
202506,101225
202506,115212
202506,74826
202506,85117
202506,82159
202506,97194
202506,89855
202506,86329
202506,94531
202506,114935
202506,74380
202506,74611
202506,68363
202506,79772
202506,88549
202506,92849
202506,79022
202506,70835
202506,84190
202506,76916
202506,83861
202506,98709
202506,82174
202506,72088
202506,88817
202506,65717
202506,78256
202506,81232
202506,92016
202506,105851
202506,76070
202506,112590
202506,88264
202506,70172
202506,107209
202506,77569
202506,117083
202506,109581
202506,69821
202506,74828
202506,83624
202506,87748
202506,87841
202506,79066
202506,88636
202506,72677
202506,113441
202506,74436
202506,68387
202506,86804
202506,92334
202506,95765
202506,74141
202506,98130
202506,89652
202506,71739
202506,83142
202506,91835
202506,104086
202506,68888
202506,83943
202506,106208
202506,116138
202506,66308
202506,115663
202506,116934
202506,92800
202506,73726
202506,101063
202506,96913
202506,88925
202506,71515
202506,75350
202506,84895
202506,76149
202506,116552
202506,83744
202506,72577
202506,120562
202506,110335
202506,105075
202506,100660
202506,82262
202506,109548
202506,95681
202506,86301
202506,76332
202506,89690
202506,96692
202506,91083
202506,117806
202506,86687
202506,96066
202506,74798
202506,105392
202506,73412
202506,111310
202506,64419
202506,90083
202506,87033
202506,80764
202506,73241
202506,81655
202506,94838
202506,96745
202506,110066
202506,90770
202506,59639
202506,113729
202506,70071
202506,66980
202506,106111
202506,67066
202506,83133
202506,90484
202506,92815
202506,85771
202506,66056
202506,94533
202506,78251
202506,74113
202506,96480
202506,76619
202506,75359
202506,94196
202506,104762
202506,94903
202506,97561
202506,91278
202506,84000
202506,96853
202506,93368
202506,86050
202506,99314
202506,95704
202506,92517
202506,101713
202506,88881
202506,80328
202506,79386
202506,73930
202506,65976
202506,100022
202506,86640
202506,89057
202506,80170
202506,77789
202506,79578
202506,85418
202506,70385
202506,99957
202506,74572
202506,118560
202506,76331
202506,85523
202506,105102
202506,70483
202506,84685
202506,76192
202506,78763
202506,88678
202506,86419
202506,65152
202506,96960
202506,117374
202506,91710
202506,106028
202506,72466
202506,87174
202506,94606
202506,77089
202506,80791
202506,69818
202506,76154
202506,64111
202506,87730
202506,84376
202506,66940
202506,79658
202506,73917
202506,77189
202506,93074
202506,106462
202506,72965
202506,81918
202506,103843
202506,88749
202506,110627
202506,91746
202506,78462
202506,86525
202506,120065
202506,86477
202506,86196
202506,83723
202506,81448
202506,84483
202506,93022
202506,79042
202506,104164
202506,92118
202506,88269
202506,78366
202506,72159
202506,88358
202506,93303
202506,89641
202506,114623
202506,100456
202506,78656
202506,66987
202506,95953
202506,79844
202506,93964
202506,84717
202506,90917
202506,85971
202506,70913
202506,75863
202506,108991
202506,73108
202506,102683
202506,94628
202506,90992
202506,64179
202506,80417
202506,71079
202506,101472
202506,110524
202506,97207
202506,92475
202506,88611
202506,78988
202506,103159
202506,84882
202506,66519
202506,82202
202506,82171
202506,95615
202506,102783
202506,76610
202506,105801
202506,76133
202506,104090
202506,83851
202506,90226
202506,111491
202506,84401
202506,96772
202506,97173
202506,68223
202506,91073
202506,84350
202506,104813
202506,76998
202506,106766
202506,89876
202506,108709
202506,76533
202506,80749
202506,116679
202506,70151
202506,110441
202506,75125
202506,102305
202506,69695
202506,107693
202506,88407
202506,106912
202506,103063
202506,89779
202506,117555
202506,93916
202506,83601
202506,74308
202506,93467
202506,90093
202506,123772
202506,88801
202506,64257
202506,102716
202506,71416
202506,107952
202506,87364
202506,79648
202506,74436
202506,101080
202506,77391
202506,77556
202506,88999
202506,73066
202506,81117
202506,68197
202506,81731
202506,82264
202506,84799
202506,89316
202506,67393
202506,79586
202506,117185
202506,106186
202506,86229
202506,68044
202506,107072
202506,90479
202506,65659
202506,72775
202506,82331
202506,67669
202506,98389
202506,65303
202506,77356
202506,115276
202506,67431
202506,76423
202506,69110
202506,72502
202506,84082
202506,69221
202506,95975
202506,90433
202506,96110
202506,70346
202506,98513
202506,73415
202506,120481
202506,119175
202506,106548
202506,110010
202506,93940
202506,94330
202506,82391
202506,114291
202506,104672
202506,95176
202506,83237
202506,70186
202506,99084
202506,82696
202506,91838
202506,103625
202506,69628
202506,94559
202506,89460
202506,101573
202506,121181
202506,127603
202506,95272
202506,89416
202506,89200
202506,69122
202506,116990
202506,96155
202506,95097
202506,65952
202506,59752
202506,80398
202506,91875
202506,102408
202506,94589
202506,120238
202506,72957
202506,88832
202506,61669
202506,86340
202506,89891
202506,102043
202506,98383
202506,75678
202506,111663
202506,114312
202506,96020
202506,100353
202506,66767
202506,86389
202506,87302
202506,93150
202506,108654
202506,118625
202506,81109
202506,66278
202506,80878
202505,76317
202505,63740
202505,62433
202505,68752
202505,75767
202505,64135
202505,74480
202505,69121
202505,65921
202505,69489
202505,66571
202505,81519
202505,74793
202505,102060
202505,81421
202505,68995
202505,62313
202505,86149
202505,71124
202505,102377
202505,81408
202505,75858
202505,85464
202505,67230
202505,71833
202505,70720
202505,61228
202505,60800
202505,78478
202505,84544
202505,82428
202505,60671
202505,80130
202505,61956
202505,66026
202505,64891
202505,70107
202505,72095
202505,89346
202505,80269
202505,68791
202505,76968
202505,81098
202505,81078
202505,76691
202505,77289
202505,64148
202505,83119
202505,80197
202505,64952
202505,59159
202505,96251
202505,79834
202505,99705
202505,81229
202505,69972
202505,82685
202505,94301
202505,67173
202505,63644
202505,80979
202505,69004
202505,73202
202505,74484
202505,61879
202505,72592
202505,79991
202505,71595
202505,67482
202505,81790
202505,63288
202505,66004
202505,77249
202505,64834
202505,60964
202505,67708
202505,64048
202505,62002
202505,66235
202505,68336
202505,87786
202505,65018
202505,62753
202505,60879
202505,72330
202505,76696
202505,81867
202505,90534
202505,82448
202505,60917
202505,69406
202505,79868
202505,81872
202505,76141
202505,77368
202505,71827
202505,75025
202505,69352
202505,76230
202505,70596
202505,83023
202505,87157
202505,64491
202505,63261
202505,76221
202505,71835
202505,63332
202505,76632
202505,63171
202505,83573
202505,79165
202505,61754
202505,78824
202505,81774
202505,73053
202505,83902
202505,80550
202505,69122
202505,65060
202505,76186
202505,80430
202505,71732
202505,66101
202505,75509
202505,85443
202505,67766
202505,80885
202505,61842
202505,66672
202505,65832
202505,61947
202505,72268
202505,73209
202505,78695
202505,90131
202505,73170
202505,72125
202505,74945
202505,69153
202505,60889
202505,81472
202505,76669
202505,79182
202505,87825
202505,62685
202505,80298
202505,75934
202505,96940
202505,96928
202505,75988
202505,61248
202505,80974
202505,85134
202505,75322
202505,87930
202505,74969
202505,74498
202505,82496
202505,70824
202505,72969
202505,74584
202505,79315
202505,81160
202505,84866
202505,66889
202505,73051
202505,78545
202505,74195
202505,67312
202505,72276
202505,69746
202505,68081
202505,76873
202505,78797
202505,65789
202505,75345
202505,80197
202505,75897
202505,88493
202505,57855
202505,71212
202505,77323
202505,79980
202505,75547
202505,64494
202505,97504
202505,72515
202505,69221
202505,61167
202505,67510
202505,74321
202505,72444
202505,67002
202505,67023
202505,58371
202505,71805
202505,77912
202505,64953
202505,67799
202505,84254
202505,67685
202505,68858
202505,71015
202505,66444
202505,78823
202505,79714
202505,64027
202505,65910
202505,72913
202505,83833
202505,66349
202505,66806
202505,65482
202505,77388
202505,70868
202505,78417
202505,78742
202505,84790
202505,78226
202505,72666
202505,63193
202505,75369
202505,67506
202505,61401
202505,72975
202505,74499
202505,65823
202505,80064
202505,61253
202505,75947
202505,79902
202505,82844
202505,68515
202505,62322
202505,83622
202505,72991
202505,76734
202505,78926
202505,66704
202505,62056
202505,70402
202505,64956
202505,61869
202505,78987
202505,82588
202505,82897
202505,74923
202505,75508
202505,80779
202505,79007
202505,60866
202505,64800
202505,77156
202505,74607
202505,74728
202505,73816
202505,58104
202505,89619
202505,62378
202505,73415
202505,64464
202505,78961
202505,70599
202505,66369
202505,65827
202505,65577
202505,61712
202505,63789
202505,80766
202505,72742
202505,67404
202505,69050
202505,75014
202505,87280
202505,81068
202505,73950
202505,70025
202505,73231
202505,72894
202505,66797
202505,80100
202505,94605
202505,70657
202505,76841
202505,58402
202505,70208
202505,78079
202505,66196
202505,76822
202505,77480
202505,73303
202505,65120
202505,72922
202505,81319
202505,67833
202505,74168
202505,80049
202505,67743
202505,68295
202505,61909
202505,80284
202505,73784
202505,61035
202505,78357
202505,80775
202505,87151
202505,73495
202505,71254
202505,73000
202505,75684
202505,86347
202505,73423
202505,73857
202505,77847
202505,67888
202505,76987
202505,68047
202505,69084
202505,74728
202505,72579
202505,68251
202505,88575
202505,69736
202505,77132
202505,83115
202505,90526
202505,72516
202505,69819
202505,74523
202505,79875
202505,71060
202505,77789
202505,60000
202505,71940
202505,78018
202505,64181
202505,73275
202505,85944
202505,66102
202505,67404
202505,74655
202505,74552
202505,63810
202505,74511
202505,75504
202505,79073
202505,64429
202505,68409
202505,79005
202505,65435
202505,65899
202505,79934
202505,78615
202505,74734
202505,63655
202505,86520
202505,64461
202505,80680
202505,90016
202505,67941
202505,76726
202505,73995
202505,60871
202505,74341
202505,80146
202505,82158
202505,72011
202505,70257
202505,70576
202505,68299
202505,91349
202505,85218
202505,72512
202505,81460
202505,82267
202505,82484
202505,82362
202505,60563
202505,78999
202505,64414
202505,84682
202505,81397
202505,82450
202505,64330
202505,75651
202505,69194
202505,79030
202505,63679
202505,79443
202505,72247
202505,70427
202505,75279
202505,69802
202505,79199
202505,66701
202505,81597
202505,62652
202505,70637
202505,61447
202505,75897
202505,64196
202505,72056
202505,71297
202505,61868
202505,65988
202505,65506
202505,101785
202505,82488
202505,69585
202505,62310
202505,66271
202505,63676
202505,74912
202505,66430
202505,64652
202505,65850
202505,70664
202505,82825
202505,81930
202505,73401
202505,70179
202505,79375
202505,59864
202505,77202
202505,74600
202505,74185
202505,63441
202505,80325
202505,69436
202505,70497
202505,60716
202505,72598
202505,62300
202505,66844
202505,73409
202505,73228
202505,72277
202505,65886
202505,65280
202505,89917
202505,76513
202505,76332
202505,76889
202505,84801
202505,72333
202505,80294
202505,76896
202505,65343
202505,81880
202505,69846
202505,64453
202505,81694
202505,69866
202505,63924
202505,66914
202505,81347
202505,76656
202505,80686
202505,69811
202505,77458
202505,84074
202505,70058
202505,78573
202505,65178
202505,74763
202505,64211
202505,80760
202505,57254
202505,74048
202505,77930
202505,83686
202505,80105
202505,65922
202505,70161
202505,100951
202505,61543
202505,75685
202505,67049
202505,72607
202505,71173
202505,76280
202505,94935
202505,72704
202505,78201
202505,60781
202505,78742
202505,74871
202505,80145
202505,73211
202505,74848
202505,64598
202505,70106
202505,67732
202505,65704
202505,65235
202505,73411
202505,92350
202505,63182
202505,93341
202505,80105
202505,69505
202505,72305
202505,78337
202505,66866
202505,93868
202505,78029
202505,65429
202505,73857
202505,69975
202505,72859
202505,75844
202505,62977
202505,93424
202505,66619
202505,62328
202505,66306
202505,79862
202505,64706
202505,77628
202505,73157
202505,73705
202505,74602
202505,70222
202505,69677
202505,73737
202505,77290
202505,72835
202505,62610
202505,69302
202505,75671
202505,74716
202505,90279
202505,64475
202505,61068
202505,74355
202505,80406
202505,58319
202505,81951
202505,93355
202505,85161
202505,75980
202505,67573
202505,63559
202505,63774
202505,75108
202505,62477
202505,78685
202505,89180
202505,62089
202505,62785
202505,59591
202505,68165
202505,77955
202505,64522
202505,67341
202505,76965
202505,57554
202505,61977
202505,72822
202505,77936
202505,73720
202505,72019
202505,63257
202505,78031
202505,71214
202505,78176
202505,62476
202505,71744
202505,63495
202505,67461
202505,73339
202505,81828
202505,73781
202505,65218
202505,60904
202505,62086
202505,81545
202505,77140
202505,86101
202505,73864
202505,66796
202505,77139
202505,78036
202505,74012
202505,88593
202505,71366
202505,96962
202505,64512
202505,61116
202505,91933
202505,65300
202505,61537
202505,67342
202505,81441
202505,60665
202505,67160
202505,70491
202505,87066
202505,70712
202505,81575
202505,68729
202505,59914
202505,66743
202505,98063
202505,72143
202505,69233
202505,75884
202505,77003
202505,81289
202505,88038
202505,58625
202505,78219
202505,78947
202505,79351
202505,66707
202505,74719
202505,64298
202505,67281
202505,81472
202505,80767
202505,70350
202505,63865
202505,82510
202505,73730
202505,75428
202505,75258
202505,74250
202505,69801
202505,76437
202505,72862
202505,65115
202505,71149
202505,73969
202505,62324
202505,82489
202505,72141
202505,74526
202505,64365
202505,63850
202505,73642
202505,65424
202505,73527
202505,76584
202505,69947
202505,74516
202505,68250
202505,76937
202505,83283
202505,99511
202505,78038
202505,65230
202505,61034
202505,82775
202505,59720
202505,92813
202505,77924
202505,62617
202505,80216
202505,58227
202505,76906
202505,79109
202505,82472
202505,62271
202505,66035
202505,65763
202505,83262
202505,59981
202505,79126
202505,77305
202505,74963
202505,72371
202505,86256
202505,87333
202505,71549
202505,83581
202505,82750
202505,64096
202505,84632
202505,67786
202505,67439
202505,64807
202505,68021
202505,79050
202505,67006
202505,68455
202505,79660
202505,77224
202505,91369
202505,69543
202505,61225
202505,60511
202505,76048
202505,86734
202505,64547
202505,73382
202505,82373
202505,67257
202505,77179
202505,73781
202505,84585
202505,59986
202505,74391
202505,83105
202505,88434
202505,85750
202505,75291
202505,69434
202505,84099
202505,89838
202505,69136
202505,59337
202505,82332
202505,84260
202505,74191
202505,66520
202505,80354
202505,72227
202505,66884
202505,65143
202505,75535
202505,81226
202505,62088
202505,73687
202505,84661
202505,69367
202505,77220
202505,93409
202505,77095
202505,73577
202505,61406
202505,68760
202505,80802
202505,70571
202505,76018
202505,82684
202505,88002
202505,77674
202505,84308
202505,81425
202505,72365
202505,73912
202505,94962
202505,81871
202505,85504
202504,75424
202504,72018
202504,77775
202504,63567
202504,72297
202504,80118
202504,79324
202504,75283
202504,68747
202504,72603
202504,75267
202504,71320
202504,79381
202504,72108
202504,75148
202504,59397
202504,69460
202504,82988
202504,64929
202504,69367
202504,81647
202504,77532
202504,75443
202504,72374
202504,71639
202504,72536
202504,76067
202504,85450
202504,67852
202504,76550
202504,74211
202504,79559
202504,73314
202504,70022
202504,68452
202504,75197
202504,76269
202504,80124
202504,74705
202504,74066
202504,81838
202504,76604
202504,72378
202504,74886
202504,68401
202504,74230
202504,74314
202504,86099
202504,78986
202504,80685
202504,74854
202504,67259
202504,65366
202504,79355
202504,76749
202504,61270
202504,71089
202504,76989
202504,75803
202504,66419
202504,73904
202504,75388
202504,77533
202504,62471
202504,76678
202504,63166
202504,67351
202504,66802
202504,77340
202504,76992
202504,68147
202504,62525
202504,73176
202504,61745
202504,73552
202504,78679
202504,70521
202504,76028
202504,77142
202504,77024
202504,59463
202504,76173
202504,73025
202504,79430
202504,64964
202504,67431
202504,70686
202504,74944
202504,77033
202504,66542
202504,74882
202504,79663
202504,76498
202504,72145
202504,77610
202504,66418
202504,62133
202504,81837
202504,69016
202504,74305
202504,77316
202504,70560
202504,61074
202504,72471
202504,66643
202504,78380
202504,75857
202504,75433
202504,73676
202504,74786
202504,82062
202504,76262
202504,64247
202504,75590
202504,75929
202504,77201
202504,67482
202504,74191
202504,61227
202504,79213
202504,70840
202504,61277
202504,77834
202504,61963
202504,65943
202504,73830
202504,77121
202504,74089
202504,78218
202504,77183
202504,65885
202504,69841
202504,73413
202504,60299
202504,77216
202504,81720
202504,79634
202504,68755
202504,72976
202504,62374
202504,73908
202504,68189
202504,79706
202504,71236
202504,76900
202504,67875
202504,75537
202504,62646
202504,60447
202504,68051
202504,77079
202504,69923
202504,73744
202504,67727
202504,77916
202504,73134
202504,64818
202504,72828
202504,74171
202504,74984
202504,79017
202504,62939
202504,61470
202504,77254
202504,74620
202504,66008
202504,73782
202504,79574
202504,74667
202504,73952
202504,74237
202504,67500
202504,65681
202504,60311
202504,70653
202504,78403
202504,77159
202504,77830
202504,65154
202504,75409
202504,76776
202504,79539
202504,68352
202504,75830
202504,70346
202504,79563
202504,73850
202504,62523
202504,69694
202504,79661
202504,65613
202504,69083
202504,85902
202504,78821
202504,63543
202504,72792
202504,61141
202504,60222
202504,65922
202504,72251
202504,59003
202504,70405
202504,73689
202504,66279
202504,63404
202504,69505
202504,67867
202504,70993
202504,66943
202504,76524
202504,73866
202504,76416
202504,76833
202504,64654
202504,74314
202504,87340
202504,70995
202504,73645
202504,78346
202504,70814
202504,71240
202504,73851
202504,73723
202504,80896
202504,72689
202504,68430
202504,84843
202504,66786
202504,67433
202504,67794
202504,72988
202504,76027
202504,75634
202504,60952
202504,79152
202504,82496
202504,82358
202504,67356
202504,72827
202504,80423
202504,70773
202504,65239
202504,73966
202504,81382
202504,74286
202504,79098
202504,67008
202504,60574
202504,59365
202504,73169
202504,76442
202504,81652
202504,75683
202504,74893
202504,75049
202504,77526
202504,70301
202504,67641
202504,69890
202504,65524
202504,76572
202504,80115
202504,71914
202504,67973
202504,80449
202504,74405
202504,82610
202504,76259
202504,76109
202504,77310
202504,68777
202504,77118
202504,74193
202504,73837
202504,61885
202504,80093
202504,62550
202504,78713
202504,74235
202504,70353
202504,71148
202504,67813
202504,74573
202504,77611
202504,82762
202504,79223
202504,75778
202504,76690
202504,63943
202504,71904
202504,66457
202504,70040
202504,77502
202504,72406
202504,64546
202504,75870
202504,72474
202504,73041
202504,70583
202504,69274
202504,64408
202504,82116
202504,81208
202504,73466
202504,74846
202504,66194
202504,61898
202504,75572
202504,70649
202504,81081
202504,75395
202504,70080
202504,65494
202504,67521
202504,74750
202504,69414
202504,69653
202504,80328
202504,78863
202504,74310
202504,74852
202504,79831
202504,76704
202504,68280
202504,69245
202504,74513
202504,80097
202504,82529
202504,81397
202504,77535
202504,76511
202504,73670
202504,81129
202504,73110
202504,77585
202504,72754
202504,77651
202504,74541
202504,69017
202504,76017
202504,78199
202504,79003
202504,78840
202504,75871
202504,70124
202504,68126
202504,77243
202504,60107
202504,64559
202504,79064
202504,66411
202504,74646
202504,64018
202504,66647
202504,69815
202504,69996
202504,64914
202504,75155
202504,76985
202504,73222
202504,72171
202504,60837
202504,80009
202504,76649
202504,66569
202504,66820
202504,62681
202504,63963
202504,61603
202504,73749
202504,69536
202504,81431
202504,64530
202504,63306
202504,79087
202504,78296
202504,74326
202504,67441
202504,71549
202504,74413
202504,70605
202504,68170
202504,71013
202504,68801
202504,69542
202504,68322
202504,78942
202504,82254
202504,81532
202504,74109
202504,81735
202504,78822
202504,71210
202504,74756
202504,66858
202504,67711
202504,82340
202504,75025
202504,72473
202504,82981
202504,64314
202504,75979
202504,67978
202504,67422
202504,76740
202504,71986
202504,82404
202504,75530
202504,77799
202504,73927
202504,71046
202504,74687
202504,80686
202504,81723
202504,74636
202504,71024
202504,63527
202504,69394
202504,71203
202504,68318
202504,81968
202504,76292
202504,75579
202504,73304
202504,75152
202504,76302
202504,61621
202504,66823
202504,62332
202504,75757
202504,65808
202504,66885
202504,70076
202504,71228
202504,71975
202504,77286
202504,65828
202504,63533
202504,66017
202504,72525
202504,63302
202504,76575
202504,77148
202504,72793
202504,76810
202504,64902
202504,70013
202504,74427
202504,69941
202504,61777
202504,79209
202504,64282
202504,69454
202504,73691
202504,74485
202504,73606
202504,78233
202504,77569
202504,67082
202504,74713
202504,79710
202504,65823
202504,79583
202504,77932
202504,69777
202504,71838
202504,62439
202504,66239
202504,70150
202504,62081
202504,75594
202504,62982
202504,63576
202504,72467
202504,74413
202504,77581
202504,69402
202504,72296
202504,77631
202504,66905
202504,65459
202504,74937
202504,68285
202504,81989
202504,68276
202504,76839
202504,59220
202504,78284
202504,60866
202504,66238
202504,76157
202504,80469
202504,59967
202504,62472
202504,75110
202504,65888
202504,70071
202504,67317
202504,64263
202504,64461
202504,77458
202504,61390
202504,63812
202504,82564
202504,73640
202504,75244
202504,73880
202504,75520
202504,61281
202504,67139
202504,76316
202504,68236
202504,82991
202504,75532
202504,74480
202504,68187
202504,78778
202504,70942
202504,62440
202504,80286
202504,82185
202504,76569
202504,79860
202504,79533
202504,79305
202504,70632
202504,74734
202504,67480
202504,68542
202504,60284
202504,73243
202504,76837
202504,78353
202504,72463
202504,76763
202504,62338
202504,71520
202504,64089
202504,77093
202504,65929
202504,70491
202504,60118
202504,67579
202504,73001
202504,80558
202504,79541
202504,69740
202504,75029
202504,80710
202504,60408
202504,69137
202504,64708
202504,73957
202504,64632
202504,73169
202504,75365
202504,63441
202504,81368
202504,70926
202504,75563
202504,77690
202504,80302
202504,74028
202504,74502
202504,60250
202504,80466
202504,73442
202504,72547
202504,80591
202504,74210
202504,64849
202504,68033
202504,59855
202504,63965
202504,70228
202504,64569
202504,63251
202504,79844
202504,64188
202504,74427
202504,79385
202504,73509
202504,60333
202504,70761
202504,67089
202504,65805
202504,68137
202504,69191
202504,60153
202504,81795
202504,69573
202504,67176
202504,72588
202504,70769
202504,72854
202504,72653
202504,64301
202504,69920
202504,80171
202504,69724
202504,65827
202504,81138
202504,83374
202504,78025
202504,69339
202504,76456
202504,62195
202504,76673
202504,63495
202504,79166
202504,74424
202504,80232
202504,71781
202504,68506
202504,70717
202504,60841
202504,66127
202504,87749
202504,64709
202504,67351
202504,68676
202504,71273
202504,77056
202504,79776
202504,74362
202504,64965
202504,71777
202504,60602
202504,78090
202504,76160
202504,70660
202504,72794
202504,66645
202504,70017
202504,77595
202504,62468
202504,66040
202504,76994
202504,71463
202504,73093
202504,70627
202504,69671
202504,71985
202504,65572
202504,79150
202504,67269
202504,60858
202504,72073
202504,73455
202504,71191
202504,64211
202504,86861
202504,74805
202504,66293
202504,77883
202504,74907
202504,66003
202504,67830
202504,71248
202504,76871
202504,67343
202504,65353
202504,66498
202504,68415
202504,68918
202504,62505
202504,73092
202504,83915
202504,77017
202504,64179
202504,80658
202504,65809
202504,71983
202504,76746
202504,81474
202504,62012
202504,74814
202504,66539
202504,69351
202504,64005
202504,71448
202504,60473
202504,66539
202504,62199
202504,70248
202504,78032
202504,66000
202504,67290
202504,75755
202504,60327
202504,80563
202504,65897
202504,71287
202504,68352
202504,71744
202504,79172
202504,63906
202504,81088
202504,59613
202504,77537
202504,73977
202504,75614
202504,64712
202504,75806
202504,75426
202504,73530
202504,66788
202504,78348
202504,78347
202504,68708
202504,67022
202504,69064
202504,76104
202504,63744
202504,75210
202504,75998
202504,72971
202504,69474
202504,68100
202504,73567
202503,72673
202503,81910
202503,68040
202503,72504
202503,72503
202503,64380
202503,75905
202503,76616
202503,81480
202503,77926
202503,70914
202503,74000
202503,69746
202503,83711
202503,73811
202503,73263
202503,60670
202503,83873
202503,79021
202503,79072
202503,67911
202503,72801
202503,67407
202503,74610
202503,77981
202503,77589
202503,72534
202503,74507
202503,75013
202503,76143
202503,65124
202503,70915
202503,63013
202503,67393
202503,77991
202503,74809
202503,71523
202503,67606
202503,74653
202503,75838
202503,68909
202503,75936
202503,68691
202503,75798
202503,77332
202503,78020
202503,73984
202503,83474
202503,67209
202503,77348
202503,74423
202503,79307
202503,76413
202503,77486
202503,68083
202503,79094
202503,78630
202503,84423
202503,67975
202503,80656
202503,76121
202503,63957
202503,79913
202503,78067
202503,72896
202503,71692
202503,76913
202503,86946
202503,68102
202503,76953
202503,71451
202503,74662
202503,75554
202503,76853
202503,79121
202503,74425
202503,72745
202503,76107
202503,69711
202503,79142
202503,73013
202503,72847
202503,78454
202503,61356
202503,73980
202503,72943
202503,83576
202503,74310
202503,70175
202503,76427
202503,83481
202503,74762
202503,74519
202503,74397
202503,68576
202503,70904
202503,63997
202503,77031
202503,73549
202503,67145
202503,74649
202503,61913
202503,84753
202503,76735
202503,63667
202503,69381
202503,77267
202503,76351
202503,73855
202503,71912
202503,74452
202503,74250
202503,60632
202503,61025
202503,72764
202503,76172
202503,71502
202503,79307
202503,72680
202503,66883
202503,78928
202503,68923
202503,77432
202503,67413
202503,68442
202503,72474
202503,73832
202503,75082
202503,79038
202503,73081
202503,67597
202503,81946
202503,75845
202503,75567
202503,72495
202503,73674
202503,75159
202503,83788
202503,72814
202503,62838
202503,80856
202503,71303
202503,79888
202503,78689
202503,71341
202503,71659
202503,69080
202503,74078
202503,74446
202503,70258
202503,60076
202503,73939
202503,79310
202503,72893
202503,80166
202503,77319
202503,88302
202503,88327
202503,81013
202503,78567
202503,72007
202503,89453
202503,76289
202503,68092
202503,84374
202503,83281
202503,72004
202503,72729
202503,72049
202503,68656
202503,78828
202503,80796
202503,69565
202503,72695
202503,69996
202503,74275
202503,74902
202503,72389
202503,73626
202503,77200
202503,74082
202503,65837
202503,79648
202503,71672
202503,72635
202503,85025
202503,75231
202503,77420
202503,70353
202503,76271
202503,73525
202503,74234
202503,75841
202503,73069
202503,75387
202503,67611
202503,66233
202503,68562
202503,75672
202503,78912
202503,68443
202503,70472
202503,70505
202503,66232
202503,76877
202503,67855
202503,74614
202503,64215
202503,72619
202503,75923
202503,77160
202503,75429
202503,71813
202503,83834
202503,60720
202503,86223
202503,69105
202503,73710
202503,65420
202503,74165
202503,78093
202503,86266
202503,74691
202503,75196
202503,70570
202503,68682
202503,72466
202503,73279
202503,69439
202503,73214
202503,73845
202503,72424
202503,76469
202503,74348
202503,75015
202503,64370
202503,69973
202503,83931
202503,79209
202503,77106
202503,74486
202503,79680
202503,74637
202503,82354
202503,78759
202503,66783
202503,78654
202503,70410
202503,69856
202503,70347
202503,78093
202503,74595
202503,64674
202503,82405
202503,70585
202503,66227
202503,71628
202503,68057
202503,66353
202503,70680
202503,82278
202503,79532
202503,80181
202503,74690
202503,82669
202503,70152
202503,83487
202503,66057
202503,77994
202503,71833
202503,71336
202503,75325
202503,77882
202503,73934
202503,73417
202503,70728
202503,80644
202503,80728
202503,78182
202503,81526
202503,83433
202503,74683
202503,76784
202503,77594
202503,73797
202503,67417
202503,70993
202503,77685
202503,75591
202503,75598
202503,73375
202503,72295
202503,73107
202503,68118
202503,81365
202503,77222
202503,70335
202503,78606
202503,72699
202503,78555
202503,72214
202503,69753
202503,74529
202503,72875
202503,79937
202503,77320
202503,76344
202503,76368
202503,68070
202503,65681
202503,71585
202503,72175
202503,73450
202503,80313
202503,81193
202503,74560
202503,79563
202503,73787
202503,79328
202503,75517
202503,73888
202503,75069
202503,74455
202503,63357
202503,75364
202503,66294
202503,74266
202503,76682
202503,70697
202503,76793
202503,60931
202503,69951
202503,70169
202503,64405
202503,75234
202503,73752
202503,68299
202503,67970
202503,74130
202503,72548
202503,74766
202503,66212
202503,75646
202503,77492
202503,73572
202503,72409
202503,70047
202503,61732
202503,70582
202503,67117
202503,72944
202503,75268
202503,73000
202503,73402
202503,64273
202503,79042
202503,82247
202503,76703
202503,74099
202503,69330
202503,76241
202503,70812
202503,68929
202503,67601
202503,83924
202503,78808
202503,67093
202503,69620
202503,78345
202503,82833
202503,79924
202503,73976
202503,77144
202503,75869
202503,63409
202503,74465
202503,68412
202503,66092
202503,65253
202503,75987
202503,76752
202503,70978
202503,76708
202503,73676
202503,67137
202503,74714
202503,78272
202503,76559
202503,71441
202503,71339
202503,73328
202503,72188
202503,75812
202503,68688
202503,72193
202503,66605
202503,77072
202503,76404
202503,69043
202503,67394
202503,71939
202503,78067
202503,68273
202503,76726
202503,60889
202503,83962
202503,66404
202503,74840
202503,73322
202503,71374
202503,71986
202503,70836
202503,79735
202503,68001
202503,70165
202503,75662
202503,72123
202503,60543
202503,66439
202503,75644
202503,77427
202503,68800
202503,78111
202503,65659
202503,66161
202503,68038
202503,70856
202503,74279
202503,76358
202503,79117
202503,83904
202503,73859
202503,74732
202503,72124
202503,67539
202503,74195
202503,67494
202503,74734
202503,67992
202503,62274
202503,71997
202503,68343
202503,70435
202503,66623
202503,69492
202503,67472
202503,71314
202503,74276
202503,70648
202503,73979
202503,63757
202503,72097
202503,78661
202503,71465
202503,84932
202503,78544
202503,68565
202503,63940
202503,67059
202503,77373
202503,77125
202503,73220
202503,69950
202503,68585
202503,67920
202503,68713
202503,79208
202503,62233
202503,71039
202503,74688
202503,75839
202503,68331
202503,72111
202503,74929
202503,73107
202503,65933
202503,74681
202503,67314
202503,73603
202503,75457
202503,77632
202503,66296
202503,72743
202503,59764
202503,75055
202503,73054
202503,66458
202503,76173
202503,79984
202503,75417
202503,75275
202503,82021
202503,66226
202503,64130
202503,70074
202503,80830
202503,76997
202503,75966
202503,75584
202503,70112
202503,73780
202503,79800
202503,65490
202503,74249
202503,70104
202503,65267
202503,72034
202503,66712
202503,70359
202503,76886
202503,67109
202503,66711
202503,75751
202503,75637
202503,63160
202503,62579
202503,74753
202503,77240
202503,76165
202503,63391
202503,71425
202503,71192
202503,85849
202503,64168
202503,63602
202503,59555
202503,66294
202503,77574
202503,76490
202503,71543
202503,76392
202503,74175
202503,73587
202503,77512
202503,85932
202503,69991
202503,72264
202503,72311
202503,67823
202503,71383
202503,71082
202503,65378
202503,68922
202503,62448
202503,78992
202503,65997
202503,74672
202503,76703
202503,81645
202503,78715
202503,72696
202503,77645
202503,78470
202503,78113
202503,70264
202503,70527
202503,61577
202503,71839
202503,66657
202503,68241
202503,76936
202503,76566
202503,84244
202503,76241
202503,78094
202503,73619
202503,75854
202503,61291
202503,74369
202503,79465
202503,76235
202503,75161
202503,75667
202503,64529
202503,63495
202503,72086
202503,75711
202503,69265
202503,84964
202503,88614
202503,68891
202503,64789
202503,74570
202503,71392
202503,73176
202503,75859
202503,66087
202503,71403
202503,73716
202503,75645
202503,75370
202503,62824
202503,79432
202503,77414
202503,66064
202503,74314
202503,65543
202503,74853
202503,62968
202503,63445
202503,69872
202503,80979
202503,69767
202503,79870
202503,67932
202503,75217
202503,77075
202503,84612
202503,68750
202503,75826
202503,77316
202503,64853
202503,78192
202503,65881
202503,64592
202503,74644
202503,74464
202503,65251
202503,75411
202503,76594
202503,67909
202503,70152
202503,67029
202503,72148
202503,65963
202503,65665
202503,60001
202503,73636
202503,82679
202503,62152
202503,74312
202503,67635
202503,72319
202503,68922
202503,68894
202503,70486
202503,62583
202503,72057
202503,70941
202503,80305
202503,72518
202503,63897
202503,74105
202503,73230
202503,67796
202503,77639
202503,74840
202503,75044
202503,68643
202503,74879
202503,74470
202503,75617
202503,66588
202503,72342
202503,82296
202503,72717
202503,70471
202503,65365
202503,71486
202503,67467
202503,80155
202503,75136
202503,63993
202503,59951
202503,78095
202503,74404
202503,71886
202503,72352
202503,78991
202503,70981
202503,69280
202503,66709
202503,76368
202503,76465
202503,80908
202503,77666
202503,76850
202503,78196
202503,70775
202503,83325
202503,64341
202503,74592
202503,68261
202503,75300
202503,72902
202503,76098
202503,75476
202503,90907
202503,76200
202503,75710
202503,69518
202503,75237
202503,78640
202503,72191
202503,67785
202503,72639
202503,69008
202503,75673
202503,71462
202503,67807
202503,69861
202503,77312
202503,74657
202503,72917
202503,75431
202503,70005
202503,64797
202503,72989
202503,74705
202503,75331
202503,73801
202503,68850
202503,76083
202503,62766
202503,67237
202503,60438
202503,71200
202503,70288
202503,73757
202503,72373
202503,75699
202503,62271
202503,74101
202503,74436
202503,74074
202503,72553
202503,80012
202503,70794
202503,84475
202503,63527
202503,69021
202503,76447
202503,66875
202503,69928
202503,75859
202503,60996
202503,68807
202503,73690
202503,71670
202503,67532
202503,62558
202503,75647
202503,65564
202502,100581
202502,104273
202502,73468
202502,93893
202502,73349
202502,109879
202502,104546
202502,91985
202502,81354
202502,82209
202502,84597
202502,93805
202502,82665
202502,77398
202502,84951
202502,81790
202502,74822
202502,86190
202502,78127
202502,67480
202502,86703
202502,85695
202502,91156
202502,80816
202502,71128
202502,80510
202502,79642
202502,80977
202502,85725
202502,89484
202502,91001
202502,76203
202502,84702
202502,84540
202502,83396
202502,84832
202502,101991
202502,76324
202502,74943
202502,85066
202502,71930
202502,97551
202502,109648
202502,97302
202502,72891
202502,77326
202502,82312
202502,78198
202502,89950
202502,94853
202502,78868
202502,76815
202502,75533
202502,80949
202502,81124
202502,95046
202502,102561
202502,78775
202502,89214
202502,89158
202502,96612
202502,88644
202502,74231
202502,80074
202502,95250
202502,76086
202502,79720
202502,91432
202502,77999
202502,83352
202502,99878
202502,93341
202502,98972
202502,108426
202502,90950
202502,83358
202502,100632
202502,103072
202502,72591
202502,82423
202502,80858
202502,81729
202502,81228
202502,105571
202502,79515
202502,78892
202502,102211
202502,85898
202502,102297
202502,72615
202502,83264
202502,109783
202502,81209
202502,77273
202502,94531
202502,90077
202502,73210
202502,90453
202502,75703
202502,81264
202502,85701
202502,77014
202502,97665
202502,84243
202502,73014
202502,96716
202502,74540
202502,88628
202502,99011
202502,104457
202502,99805
202502,87223
202502,81235
202502,84756
202502,103220
202502,70958
202502,93180
202502,71016
202502,99978
202502,90395
202502,89598
202502,81748
202502,89867
202502,100518
202502,102465
202502,103017
202502,88428
202502,81574
202502,70816
202502,83067
202502,93959
202502,74017
202502,106319
202502,84059
202502,87679
202502,84844
202502,84392
202502,101878
202502,92774
202502,103438
202502,93200
202502,85336
202502,76251
202502,75229
202502,74386
202502,97554
202502,86874
202502,75301
202502,97729
202502,74344
202502,77529
202502,84216
202502,95064
202502,78502
202502,77418
202502,78014
202502,89054
202502,83726
202502,93355
202502,96822
202502,81744
202502,107813
202502,110783
202502,79525
202502,113933
202502,99395
202502,76946
202502,88382
202502,101377
202502,75467
202502,82052
202502,71436
202502,103710
202502,76119
202502,84497
202502,80945
202502,90646
202502,77852
202502,80339
202502,106553
202502,93555
202502,95474
202502,75466
202502,70488
202502,73928
202502,75056
202502,97822
202502,76965
202502,75172
202502,84637
202502,76304
202502,73096
202502,74913
202502,75812
202502,100572
202502,94099
202502,84096
202502,90002
202502,98007
202502,85374
202502,83755
202502,107879
202502,71621
202502,101188
202502,68979
202502,83079
202502,74622
202502,91375
202502,76317
202502,95414
202502,74845
202502,90252
202502,82466
202502,87479
202502,80851
202502,102772
202502,84254
202502,104499
202502,104078
202502,81953
202502,83738
202502,70266
202502,82105
202502,79317
202502,80455
202502,98147
202502,90719
202502,90621
202502,69438
202502,78538
202502,83940
202502,80297
202502,78746
202502,93684
202502,73560
202502,78453
202502,71191
202502,78950
202502,97364
202502,80135
202502,86827
202502,87617
202502,101178
202502,87176
202502,80054
202502,82181
202502,74220
202502,67772
202502,77844
202502,95169
202502,101945
202502,87972
202502,97247
202502,112151
202502,92363
202502,81392
202502,76138
202502,81538
202502,75069
202502,88881
202502,101830
202502,99951
202502,78003
202502,106709
202502,76822
202502,89794
202502,97484
202502,68507
202502,104259
202502,75728
202502,94158
202502,75759
202502,82799
202502,102053
202502,106242
202502,73048
202502,87669
202502,74588
202502,99722
202502,74754
202502,89662
202502,71245
202502,68348
202502,100441
202502,82272
202502,73045
202502,77281
202502,79906
202502,93759
202502,109490
202502,106685
202502,91087
202502,104104
202502,107199
202502,87698
202502,75452
202502,101895
202502,84950
202502,97795
202502,106261
202502,98238
202502,84984
202502,73959
202502,94298
202502,95301
202502,91587
202502,77668
202502,75692
